file_name,annotation
000006.jpg,0
000016.jpg,0
000032.jpg,0
000097.jpg,4
000104.jpg,0
000122.jpg,3
000237.jpg,4
000253.jpg,0
000265.jpg,0
000300.jpg,2
000306.jpg,2
000333.jpg,0
000339.jpg,2
000353.jpg,0
000387.jpg,0
000401.jpg,1
000424.jpg,3
000470.jpg,1
000478.jpg,4
000479.jpg,3
000488.jpg,0
000555.jpg,4
000561.jpg,1
000608.jpg,3
000635.jpg,1
000675.jpg,0
000698.jpg,2
000704.jpg,1
000710.jpg,3
000738.jpg,3
000747.jpg,0
000758.jpg,2
000770.jpg,4
000778.jpg,2
000780.jpg,2
000810.jpg,3
000821.jpg,0
000876.jpg,0
000917.jpg,0
000934.jpg,4
000941.jpg,0
000957.jpg,0
000979.jpg,0
000981.jpg,0
001010.jpg,0
001027.jpg,3
001038.jpg,0
001064.jpg,1
001106.jpg,0
001118.jpg,3
001133.jpg,1
001140.jpg,3
001150.jpg,0
001163.jpg,2
001182.jpg,0
001197.jpg,2
001213.jpg,2
001217.jpg,3
001219.jpg,3
001225.jpg,0
001238.jpg,3
001273.jpg,0
001279.jpg,1
001326.jpg,0
001396.jpg,0
001405.jpg,1
001411.jpg,1
001464.jpg,3
001503.jpg,0
001506.jpg,4
001515.jpg,0
001516.jpg,1
001518.jpg,0
001578.jpg,1
001598.jpg,1
001602.jpg,1
001621.jpg,0
001635.jpg,0
001636.jpg,4
001641.jpg,0
001659.jpg,4
001660.jpg,3
001692.jpg,0
001703.jpg,0
001704.jpg,0
001726.jpg,4
001745.jpg,0
001775.jpg,0
001799.jpg,0
001821.jpg,0
001823.jpg,1
001861.jpg,0
001864.jpg,0
001880.jpg,0
001979.jpg,0
001999.jpg,1
002115.jpg,2
002157.jpg,4
002160.jpg,3
002185.jpg,4
002191.jpg,4
002206.jpg,0
002282.jpg,1
002318.jpg,0
002319.jpg,3
002324.jpg,3
002336.jpg,3
002340.jpg,0
002366.jpg,0
002409.jpg,1
002426.jpg,1
002433.jpg,0
002441.jpg,0
002446.jpg,1
002529.jpg,0
002532.jpg,1
002548.jpg,3
002575.jpg,1
002593.jpg,0
002666.jpg,0
002691.jpg,1
002702.jpg,2
002762.jpg,1
002764.jpg,0
002787.jpg,0
002864.jpg,4
002879.jpg,0
002888.jpg,0
002914.jpg,0
002937.jpg,0
003006.jpg,2
003008.jpg,0
003013.jpg,1
003021.jpg,3
003033.jpg,0
003036.jpg,0
003044.jpg,1
003066.jpg,0
003085.jpg,2
003090.jpg,1
003096.jpg,1
003104.jpg,4
003124.jpg,0
003144.jpg,2
003145.jpg,0
003149.jpg,0
003173.jpg,4
003179.jpg,0
003222.jpg,3
003257.jpg,0
003272.jpg,0
003278.jpg,2
003315.jpg,0
003336.jpg,2
003386.jpg,1
003389.jpg,0
003423.jpg,1
003448.jpg,3
003496.jpg,1
003510.jpg,0
003530.jpg,3
003550.jpg,0
003568.jpg,0
003571.jpg,0
003587.jpg,1
003599.jpg,0
003601.jpg,3
003621.jpg,0
003683.jpg,1
003728.jpg,1
003741.jpg,0
003761.jpg,1
003772.jpg,3
003791.jpg,0
003795.jpg,1
003825.jpg,0
003879.jpg,0
003880.jpg,2
003884.jpg,4
003885.jpg,1
003888.jpg,0
003907.jpg,4
003916.jpg,1
003956.jpg,0
003957.jpg,4
003958.jpg,2
003964.jpg,0
003970.jpg,0
003971.jpg,1
004006.jpg,4
004021.jpg,2
004038.jpg,1
004039.jpg,0
004043.jpg,1
004058.jpg,0
004067.jpg,0
004099.jpg,2
004125.jpg,4
004153.jpg,1
004190.jpg,1
004191.jpg,2
004233.jpg,0
004258.jpg,1
004274.jpg,1
004288.jpg,0
004303.jpg,0
004343.jpg,3
004365.jpg,0
004383.jpg,4
004410.jpg,1
004422.jpg,0
004444.jpg,1
004446.jpg,0
004458.jpg,0
004503.jpg,0
004539.jpg,3
004564.jpg,1
004597.jpg,3
004609.jpg,2
004630.jpg,3
004653.jpg,3
004656.jpg,0
004676.jpg,0
004689.jpg,0
004715.jpg,0
004736.jpg,1
004802.jpg,3
004811.jpg,0
004826.jpg,3
004863.jpg,0
004898.jpg,4
004932.jpg,3
004953.jpg,2
004960.jpg,0
004973.jpg,0
004991.jpg,2
005003.jpg,0
005025.jpg,0
005038.jpg,3
005068.jpg,0
005127.jpg,2
005157.jpg,1
005161.jpg,0
005162.jpg,1
005180.jpg,3
005223.jpg,0
005270.jpg,4
005272.jpg,0
005305.jpg,0
005306.jpg,3
005316.jpg,4
005329.jpg,1
005330.jpg,0
005344.jpg,4
005352.jpg,1
005363.jpg,1
005377.jpg,0
005414.jpg,2
005419.jpg,3
005424.jpg,3
005446.jpg,4
005464.jpg,1
005511.jpg,4
005517.jpg,0
005565.jpg,3
005573.jpg,1
005592.jpg,1
005608.jpg,3
005610.jpg,0
005614.jpg,0
005633.jpg,0
005640.jpg,2
005649.jpg,4
005651.jpg,0
005676.jpg,3
005726.jpg,3
005731.jpg,0
005735.jpg,0
005777.jpg,0
005779.jpg,1
005789.jpg,1
005797.jpg,1
005822.jpg,0
005829.jpg,2
005839.jpg,0
005842.jpg,3
005863.jpg,0
005869.jpg,0
005873.jpg,4
005882.jpg,4
005904.jpg,0
005949.jpg,0
005953.jpg,0
005981.jpg,0
005996.jpg,2
006001.jpg,0
006029.jpg,2
006050.jpg,4
006067.jpg,1
006130.jpg,3
006159.jpg,0
006164.jpg,1
006182.jpg,0
006183.jpg,4
006208.jpg,0
006213.jpg,0
006231.jpg,0
006232.jpg,2
006253.jpg,1
006275.jpg,2
006280.jpg,2
006287.jpg,0
006290.jpg,2
006296.jpg,0
006302.jpg,1
006316.jpg,0
006317.jpg,4
006322.jpg,4
006350.jpg,0
006353.jpg,3
006357.jpg,1
006390.jpg,1
006393.jpg,4
006399.jpg,2
006432.jpg,0
006453.jpg,0
006475.jpg,1
006518.jpg,1
006528.jpg,3
006550.jpg,0
006602.jpg,3
006623.jpg,3
006719.jpg,0
006743.jpg,1
006762.jpg,3
006764.jpg,3
006777.jpg,3
006820.jpg,0
006828.jpg,1
006830.jpg,0
006834.jpg,3
006866.jpg,2
006880.jpg,1
006885.jpg,0
006918.jpg,0
006928.jpg,3
006940.jpg,1
006950.jpg,1
006977.jpg,0
007008.jpg,0
007023.jpg,0
007031.jpg,1
007044.jpg,0
007067.jpg,1
007101.jpg,3
007117.jpg,3
007121.jpg,0
007129.jpg,3
007134.jpg,1
007160.jpg,1
007173.jpg,4
007220.jpg,1
007260.jpg,0
007273.jpg,0
007281.jpg,0
007284.jpg,4
007299.jpg,1
007314.jpg,0
007360.jpg,2
007384.jpg,2
007388.jpg,1
007440.jpg,2
007468.jpg,2
007491.jpg,0
007498.jpg,0
007524.jpg,0
007591.jpg,2
007623.jpg,0
007641.jpg,0
007654.jpg,0
007662.jpg,1
007675.jpg,0
007678.jpg,0
007698.jpg,0
007705.jpg,0
007735.jpg,2
007749.jpg,0
007772.jpg,1
007815.jpg,1
007846.jpg,2
007857.jpg,2
007866.jpg,0
007880.jpg,2
007881.jpg,0
007888.jpg,0
007921.jpg,4
007961.jpg,4
007963.jpg,2
007988.jpg,0
007990.jpg,1
008029.jpg,3
008059.jpg,0
008081.jpg,0
008089.jpg,0
008108.jpg,1
008141.jpg,2
008155.jpg,4
008164.jpg,1
008174.jpg,0
008187.jpg,3
008208.jpg,3
008218.jpg,2
008227.jpg,0
008237.jpg,0
008253.jpg,4
008287.jpg,0
008299.jpg,0
008313.jpg,1
008318.jpg,1
008333.jpg,2
008354.jpg,0
008447.jpg,1
008483.jpg,2
008487.jpg,1
008497.jpg,0
008499.jpg,3
008505.jpg,0
008551.jpg,1
008553.jpg,0
008556.jpg,0
008558.jpg,4
008574.jpg,0
008596.jpg,2
008612.jpg,0
008628.jpg,1
008629.jpg,0
008640.jpg,3
008648.jpg,0
008652.jpg,0
008673.jpg,0
008679.jpg,0
008681.jpg,0
008685.jpg,1
008688.jpg,0
008689.jpg,1
008705.jpg,0
008716.jpg,4
008724.jpg,2
008742.jpg,0
008743.jpg,1
008769.jpg,4
008775.jpg,2
008793.jpg,2
008827.jpg,1
008846.jpg,0
008848.jpg,2
008858.jpg,0
008882.jpg,0
008888.jpg,2
008907.jpg,0
008923.jpg,3
008931.jpg,1
008937.jpg,1
008952.jpg,2
008955.jpg,2
008962.jpg,1
008963.jpg,0
008974.jpg,3
008985.jpg,0
008990.jpg,0
009020.jpg,0
009032.jpg,0
009054.jpg,0
009059.jpg,4
009110.jpg,0
009112.jpg,0
009135.jpg,0
009157.jpg,1
009181.jpg,2
009184.jpg,2
009211.jpg,0
009213.jpg,1
009217.jpg,2
009258.jpg,4
009296.jpg,0
009309.jpg,3
009312.jpg,2
009326.jpg,0
009334.jpg,0
009408.jpg,3
009419.jpg,4
009430.jpg,0
009445.jpg,0
009454.jpg,1
009460.jpg,2
009496.jpg,1
009580.jpg,0
009613.jpg,2
009644.jpg,0
009653.jpg,1
009700.jpg,1
009702.jpg,0
009715.jpg,2
009741.jpg,0
009758.jpg,0
009768.jpg,0
009817.jpg,0
009848.jpg,0
009870.jpg,0
009877.jpg,0
009900.jpg,3
009903.jpg,1
009940.jpg,0
009963.jpg,0
009992.jpg,0
010029.jpg,0
010040.jpg,0
010100.jpg,0
010103.jpg,2
010113.jpg,2
010114.jpg,1
010127.jpg,0
010152.jpg,4
010172.jpg,0
010201.jpg,2
010212.jpg,1
010216.jpg,0
010279.jpg,1
010287.jpg,4
010293.jpg,1
010312.jpg,0
010404.jpg,3
010418.jpg,0
010449.jpg,1
010462.jpg,4
010488.jpg,2
010516.jpg,1
010529.jpg,0
010537.jpg,0
010545.jpg,4
010549.jpg,0
010555.jpg,0
010567.jpg,0
010570.jpg,0
010571.jpg,0
010593.jpg,1
010595.jpg,0
010641.jpg,0
010663.jpg,0
010701.jpg,0
010706.jpg,0
010711.jpg,0
010717.jpg,0
010723.jpg,3
010739.jpg,0
010741.jpg,0
010744.jpg,2
010761.jpg,0
010798.jpg,0
010806.jpg,0
010867.jpg,2
010908.jpg,3
010913.jpg,0
010918.jpg,0
010954.jpg,0
010966.jpg,0
010979.jpg,0
010999.jpg,2
011016.jpg,0
011020.jpg,0
011029.jpg,0
011040.jpg,0
011105.jpg,0
011109.jpg,0
011161.jpg,0
011198.jpg,0
011220.jpg,0
011234.jpg,2
011257.jpg,1
011273.jpg,0
011276.jpg,0
011305.jpg,1
011414.jpg,0
011477.jpg,2
011495.jpg,3
011508.jpg,1
011542.jpg,2
011553.jpg,1
011562.jpg,0
011564.jpg,1
011569.jpg,2
011577.jpg,0
011612.jpg,3
011630.jpg,1
011674.jpg,0
011684.jpg,0
011699.jpg,0
011749.jpg,2
011755.jpg,2
011804.jpg,3
011806.jpg,0
011816.jpg,0
011830.jpg,1
011853.jpg,0
011864.jpg,1
011872.jpg,4
011888.jpg,0
011930.jpg,0
011948.jpg,4
011951.jpg,0
011978.jpg,0
012001.jpg,0
012043.jpg,2
012047.jpg,1
012068.jpg,1
012089.jpg,3
012098.jpg,4
012099.jpg,3
012111.jpg,1
012123.jpg,0
012148.jpg,0
012160.jpg,0
012184.jpg,3
012187.jpg,1
012192.jpg,3
012207.jpg,4
012228.jpg,0
012231.jpg,2
012263.jpg,0
012266.jpg,0
012280.jpg,0
012291.jpg,0
012327.jpg,1
012331.jpg,1
012335.jpg,0
012394.jpg,2
012397.jpg,0
012412.jpg,0
012419.jpg,0
012428.jpg,0
012432.jpg,0
012434.jpg,0
012444.jpg,0
012460.jpg,0
012475.jpg,0
012482.jpg,3
012492.jpg,0
012509.jpg,0
012515.jpg,3
012521.jpg,1
012526.jpg,3
012529.jpg,4
012543.jpg,0
012544.jpg,0
012571.jpg,1
012621.jpg,3
012636.jpg,0
012669.jpg,3
012677.jpg,2
012713.jpg,3
012725.jpg,1
012728.jpg,0
012778.jpg,0
012798.jpg,0
012803.jpg,4
012810.jpg,1
012847.jpg,0
012855.jpg,0
012859.jpg,0
012893.jpg,3
012923.jpg,0
012933.jpg,0
012955.jpg,2
012970.jpg,2
013010.jpg,0
013036.jpg,3
013069.jpg,1
013079.jpg,0
013123.jpg,2
013153.jpg,0
013171.jpg,0
013190.jpg,1
013195.jpg,1
013210.jpg,0
013215.jpg,0
013241.jpg,0
013249.jpg,3
013254.jpg,0
013304.jpg,3
013332.jpg,3
013348.jpg,2
013373.jpg,0
013386.jpg,0
013430.jpg,3
013436.jpg,0
013451.jpg,0
013457.jpg,3
013490.jpg,2
013506.jpg,0
013507.jpg,1
013540.jpg,0
013543.jpg,3
013563.jpg,4
013581.jpg,1
013591.jpg,4
013621.jpg,4
013632.jpg,0
013637.jpg,1
013644.jpg,2
013663.jpg,0
013722.jpg,0
013741.jpg,3
013751.jpg,3
013768.jpg,1
013773.jpg,2
013803.jpg,2
013806.jpg,0
013818.jpg,0
013840.jpg,2
013848.jpg,3
013867.jpg,4
013868.jpg,0
013876.jpg,0
013901.jpg,1
013931.jpg,4
013936.jpg,4
013963.jpg,0
013979.jpg,0
013985.jpg,0
013992.jpg,2
014047.jpg,4
014048.jpg,0
014085.jpg,2
014091.jpg,4
014126.jpg,2
014138.jpg,3
014143.jpg,0
014183.jpg,0
014198.jpg,0
014213.jpg,2
014222.jpg,0
014228.jpg,2
014238.jpg,4
014258.jpg,1
014267.jpg,2
014285.jpg,2
014312.jpg,2
014332.jpg,1
014373.jpg,0
014379.jpg,0
014421.jpg,0
014429.jpg,0
014443.jpg,0
014488.jpg,0
014493.jpg,3
014500.jpg,3
014527.jpg,4
014553.jpg,1
014558.jpg,4
014567.jpg,0
014596.jpg,0
014603.jpg,1
014614.jpg,0
014625.jpg,4
014637.jpg,0
014643.jpg,0
014671.jpg,0
014683.jpg,2
014717.jpg,0
014718.jpg,0
014723.jpg,4
014761.jpg,3
014783.jpg,4
014813.jpg,3
014822.jpg,1
014825.jpg,0
014849.jpg,0
014902.jpg,0
014943.jpg,3
014966.jpg,0
014971.jpg,0
015011.jpg,3
015068.jpg,0
015092.jpg,4
015094.jpg,2
015103.jpg,1
015133.jpg,3
015141.jpg,0
015159.jpg,1
015179.jpg,4
015229.jpg,0
015260.jpg,0
015267.jpg,3
015291.jpg,3
015292.jpg,0
015312.jpg,0
015317.jpg,0
015327.jpg,3
015339.jpg,0
015357.jpg,0
015363.jpg,1
015368.jpg,0
015412.jpg,0
015425.jpg,4
015441.jpg,4
015461.jpg,3
015476.jpg,0
015480.jpg,2
015493.jpg,0
015503.jpg,1
015514.jpg,1
015529.jpg,0
015548.jpg,0
015554.jpg,4
015564.jpg,0
015581.jpg,0
015618.jpg,0
015620.jpg,4
015637.jpg,3
015646.jpg,3
015684.jpg,1
015726.jpg,1
015736.jpg,3
015751.jpg,4
015771.jpg,2
015772.jpg,0
015799.jpg,0
015806.jpg,0
015808.jpg,0
015813.jpg,0
015837.jpg,0
015850.jpg,0
015867.jpg,3
015891.jpg,1
015895.jpg,1
015922.jpg,0
015949.jpg,2
015952.jpg,3
015971.jpg,0
015986.jpg,1
015993.jpg,3
015996.jpg,2
016007.jpg,3
016015.jpg,2
016027.jpg,0
016072.jpg,0
016107.jpg,0
016116.jpg,2
016127.jpg,0
016132.jpg,2
016139.jpg,0
016150.jpg,0
016191.jpg,1
016196.jpg,2
016221.jpg,0
016224.jpg,3
016247.jpg,0
016258.jpg,3
016261.jpg,3
016262.jpg,0
016267.jpg,2
016281.jpg,0
016331.jpg,0
016336.jpg,0
016356.jpg,4
016387.jpg,2
016401.jpg,0
016446.jpg,0
016499.jpg,0
016505.jpg,0
016545.jpg,0
016652.jpg,0
016667.jpg,0
016682.jpg,1
016688.jpg,2
016707.jpg,0
016718.jpg,0
016733.jpg,1
016756.jpg,0
016763.jpg,0
016781.jpg,4
016800.jpg,0
016815.jpg,0
016816.jpg,0
016850.jpg,3
016856.jpg,2
016868.jpg,0
016870.jpg,0
016903.jpg,0
016923.jpg,2
016958.jpg,1
016995.jpg,0
017009.jpg,3
017018.jpg,1
017024.jpg,2
017060.jpg,0
017075.jpg,2
017095.jpg,0
017125.jpg,0
017131.jpg,2
017152.jpg,0
017199.jpg,3
017213.jpg,4
017223.jpg,0
017224.jpg,3
017234.jpg,0
017256.jpg,0
017283.jpg,0
017384.jpg,0
017385.jpg,2
017386.jpg,0
017405.jpg,2
017413.jpg,0
017485.jpg,3
017531.jpg,0
017545.jpg,2
017605.jpg,1
017631.jpg,4
017640.jpg,0
017666.jpg,0
017683.jpg,0
017685.jpg,0
017704.jpg,0
017721.jpg,1
017723.jpg,0
017749.jpg,4
017754.jpg,1
017777.jpg,0
017780.jpg,0
017783.jpg,1
017790.jpg,3
017797.jpg,0
017829.jpg,1
017892.jpg,0
017907.jpg,0
017909.jpg,1
017918.jpg,1
017923.jpg,0
017928.jpg,0
017937.jpg,0
017941.jpg,1
017955.jpg,3
017963.jpg,0
017969.jpg,0
017978.jpg,0
017994.jpg,0
018021.jpg,0
018036.jpg,0
018086.jpg,3
018089.jpg,2
018092.jpg,0
018095.jpg,0
018097.jpg,3
018147.jpg,3
018148.jpg,0
018168.jpg,0
018172.jpg,0
018221.jpg,0
018234.jpg,0
018241.jpg,0
018253.jpg,0
018274.jpg,2
018294.jpg,0
018316.jpg,0
018348.jpg,1
018416.jpg,0
018417.jpg,1
018435.jpg,0
018449.jpg,0
018479.jpg,1
018502.jpg,1
018524.jpg,1
018531.jpg,0
018535.jpg,1
018567.jpg,1
018583.jpg,3
018587.jpg,1
018590.jpg,4
018616.jpg,2
018621.jpg,1
018624.jpg,0
018641.jpg,4
018658.jpg,0
018676.jpg,2
018681.jpg,3
018686.jpg,1
018689.jpg,0
018698.jpg,0
018723.jpg,3
018732.jpg,0
018778.jpg,2
018799.jpg,0
018807.jpg,4
018825.jpg,0
018850.jpg,1
018860.jpg,4
018876.jpg,3
018880.jpg,0
018884.jpg,4
018892.jpg,0
018937.jpg,0
018945.jpg,0
018956.jpg,1
018963.jpg,0
018964.jpg,0
018968.jpg,4
018973.jpg,0
018976.jpg,1
018988.jpg,0
019017.jpg,0
019026.jpg,0
019031.jpg,1
019035.jpg,1
019053.jpg,0
019064.jpg,3
019068.jpg,2
019110.jpg,1
019115.jpg,0
019121.jpg,4
019140.jpg,1
019151.jpg,2
019159.jpg,2
019165.jpg,0
019171.jpg,2
019190.jpg,1
026351.jpg,4
022806.jpg,1
029384.jpg,1
020941.jpg,1
026734.jpg,4
027958.jpg,1
026971.jpg,4
023482.jpg,1
021863.jpg,1
021176.jpg,1
025027.jpg,1
026321.jpg,1
020732.jpg,4
025486.jpg,4
024320.jpg,1
027174.jpg,4
022213.jpg,1
025666.jpg,1
027595.jpg,1
029624.jpg,1
024718.jpg,1
022666.jpg,4
020173.jpg,1
024833.jpg,4
020036.jpg,1
023675.jpg,1
020535.jpg,1
029016.jpg,4
023433.jpg,1
025749.jpg,4
021027.jpg,1
023160.jpg,4
020174.jpg,1
027271.jpg,1
021858.jpg,1
023962.jpg,1
023634.jpg,1
023565.jpg,1
028135.jpg,1
023933.jpg,1
022655.jpg,1
022870.jpg,4
027454.jpg,4
028114.jpg,1
024663.jpg,4
022980.jpg,4
024807.jpg,1
029550.jpg,1
022790.jpg,1
020836.jpg,4
020172.jpg,1
029696.jpg,1
026172.jpg,4
021883.jpg,4
024233.jpg,1
022151.jpg,4
028054.jpg,1
023404.jpg,1
024524.jpg,1
021598.jpg,4
024891.jpg,1
025885.jpg,1
027771.jpg,4
020069.jpg,4
020794.jpg,1
025139.jpg,4
022973.jpg,1
020351.jpg,1
023877.jpg,4
023754.jpg,4
029441.jpg,1
020297.jpg,1
026254.jpg,1
023146.jpg,1
029049.jpg,4
023281.jpg,4
025689.jpg,1
021506.jpg,1
025447.jpg,1
023121.jpg,1
028748.jpg,4
024773.jpg,1
028515.jpg,1
023815.jpg,4
023471.jpg,4
029700.jpg,4
024954.jpg,4
025661.jpg,1
025405.jpg,1
025993.jpg,4
024403.jpg,4
023556.jpg,1
027722.jpg,1
025523.jpg,1
029809.jpg,1
022246.jpg,1
022768.jpg,1
023488.jpg,1
020619.jpg,1
022464.jpg,1
029992.jpg,1
022765.jpg,1
028368.jpg,4
028432.jpg,4
020253.jpg,4
029270.jpg,4
025874.jpg,1
023576.jpg,4
024404.jpg,1
028326.jpg,4
022856.jpg,1
028286.jpg,4
020510.jpg,1
023403.jpg,1
028571.jpg,4
021136.jpg,4
029162.jpg,1
022467.jpg,4
020018.jpg,4
020927.jpg,1
020140.jpg,1
027532.jpg,1
024452.jpg,4
029567.jpg,4
021566.jpg,1
023635.jpg,1
022291.jpg,4
023357.jpg,1
024272.jpg,1
024382.jpg,1
023669.jpg,4
029684.jpg,1
027497.jpg,4
023887.jpg,4
026766.jpg,1
024785.jpg,1
026692.jpg,1
027435.jpg,1
027263.jpg,1
022279.jpg,1
025324.jpg,1
028524.jpg,4
025183.jpg,1
022669.jpg,1
026467.jpg,4
025435.jpg,4
027630.jpg,4
028696.jpg,4
022415.jpg,4
023778.jpg,4
021896.jpg,4
028494.jpg,4
025932.jpg,1
028816.jpg,1
022795.jpg,1
022987.jpg,1
023740.jpg,4
022441.jpg,1
027187.jpg,4
023652.jpg,1
028582.jpg,1
026163.jpg,1
027409.jpg,1
020849.jpg,4
020584.jpg,1
024334.jpg,1
020718.jpg,1
024277.jpg,1
029793.jpg,1
023382.jpg,4
025458.jpg,4
029732.jpg,4
027889.jpg,1
027623.jpg,4
026412.jpg,1
025086.jpg,4
028078.jpg,1
026079.jpg,1
028677.jpg,4
022105.jpg,4
029832.jpg,1
029767.jpg,4
022409.jpg,1
027563.jpg,1
021128.jpg,1
024674.jpg,1
022641.jpg,1
027511.jpg,1
023839.jpg,1
029341.jpg,1
021949.jpg,1
026726.jpg,4
022522.jpg,4
022241.jpg,4
029432.jpg,4
020801.jpg,4
024933.jpg,4
025254.jpg,4
027517.jpg,4
025356.jpg,4
020323.jpg,1
023273.jpg,4
021620.jpg,1
029399.jpg,1
021698.jpg,1
029658.jpg,4
029280.jpg,1
027995.jpg,4
028154.jpg,1
022895.jpg,4
020999.jpg,4
020110.jpg,1
025260.jpg,1
028454.jpg,1
021343.jpg,4
029968.jpg,1
028604.jpg,4
027294.jpg,1
022349.jpg,1
021725.jpg,4
021424.jpg,4
027152.jpg,1
024820.jpg,1
028810.jpg,4
029948.jpg,4
029290.jpg,1
026224.jpg,4
026945.jpg,1
023823.jpg,1
021153.jpg,1
026794.jpg,4
027876.jpg,1
020639.jpg,1
027545.jpg,1
025556.jpg,4
023530.jpg,1
026183.jpg,1
025367.jpg,1
029722.jpg,4
024405.jpg,4
022645.jpg,4
027617.jpg,4
027106.jpg,4
022875.jpg,4
023019.jpg,4
027681.jpg,4
024392.jpg,4
023487.jpg,4
027759.jpg,4
021934.jpg,4
